<?xml version="1.0" encoding="UTF-8"?>
<project-private xmlns="http://www.netbeans.org/ns/project-private/1">
    <editor-bookmarks xmlns="http://www.netbeans.org/ns/editor-bookmarks/2" lastBookmarkId="0"/>
    <open-files xmlns="http://www.netbeans.org/ns/projectui-open-files/2">
        <group>
            <file>file:/C:/Users/LENOVO/Desktop/Tantárgyak/Programozás%20technológia/bead03/SnakeGame/src/snakegame/HighScores.java</file>
            <file>file:/C:/Users/LENOVO/Desktop/Tantárgyak/Programozás%20technológia/bead03/SnakeGame/src/snakegame/HighScore.java</file>
            <file>file:/C:/Users/LENOVO/Desktop/Tantárgyak/Programozás%20technológia/bead03/SnakeGame/src/snakegame/SnakeGame.java</file>
            <file>file:/C:/Users/LENOVO/Desktop/Tantárgyak/Programozás%20technológia/bead03/SnakeGame/src/snakegame/GamePanel.java</file>
            <file>file:/C:/Users/LENOVO/Desktop/Tantárgyak/Programozás%20technológia/bead03/SnakeGame/src/snakegame/SnakeModell.java</file>
            <file>file:/C:/Users/LENOVO/Desktop/Tantárgyak/Programozás%20technológia/bead03/SnakeGame/src/snakegame/HighScoreGUI.java</file>
            <file>file:/C:/Users/LENOVO/Desktop/Tantárgyak/Programozás%20technológia/bead03/SnakeGame/src/snakegame/PopUpGUI.java</file>
            <file>file:/C:/Users/LENOVO/Desktop/Tantárgyak/Programozás%20technológia/bead03/SnakeGame/src/snakegame/HighScoreTableModel.java</file>
        </group>
    </open-files>
</project-private>
